slug,provider,offer,actionButtons,serverType,hostingType,transportType,mcpEndpoint,authType,credentialKey,selfHostedCommand,selfHostedArgs,selfHostedRequiredEnvVars,x402,onChainWrite,agentSkills,tag,description,planType,planName,price,trial,starred
1inch-mcp,1inch,,"[""[Website](https://1inch.com/)"",""[Docs](https://github.com/1inch/1inch-ai)""]",services,Hosted,http,"https://api.1inch.com/mcp/protocol",None,,,,,FALSE,TRUE,"[""docs-search"",""token-swap"",""limit-orders"",""cross-chain-swap""]","[""EVM"",""Solana"",""multi-chain"",""DeFi"",""DEX"",""AI agents""]","Official 1inch hosted MCP server for AI agents to search documentation, access SDK examples, and execute token swaps and limit orders across EVM chains and Solana",Free,,$0,FALSE,FALSE
3xpl-mcp,Exekerey,,"[""[Website](https://github.com/exekerey/3xpl-mcp)"",""[Docs](https://github.com/exekerey/3xpl-mcp#readme)""]",explorers,Self-hosted,stdio,,None,,uv,"[""run"",""--with"",""mcp[cli]"",""mcp"",""run"",""{:path_to_cloned}/3xpl_mcp/main.py""]",,FALSE,FALSE,"[""explorer-query"",""transaction-lookup"",""address-lookup""]","[""block explorer"",""multi-chain"",""on-chain data"",""AI agents""]",MCP server for querying blockchain explorer data across multiple blockchains via the 3xpl API,Free,,$0,FALSE,FALSE
aarc-docs-mcp,Aarc,,"[""[Website](https://www.aarc.xyz/)"",""[Docs](https://docs.aarc.xyz/mcp)""]",docs,Hosted,http,"https://docs.aarc.xyz/mcp",None,,,,,FALSE,FALSE,"[""documentation-search"",""api-reference"",""developer-guidance""]","[""Aarc"",""intent infrastructure"",""cross-chain"",""documentation"",""AI agents""]","Official Aarc documentation MCP server for AI agents to search Aarc docs, API references, and integration guidance for intent-based cross-chain UX via a hosted streamable HTTP endpoint",Free,,$0,FALSE,FALSE
across-mcp,Across,,"[""[Website](https://across.to/)"",""[Docs](https://docs.across.to/ai-agents/mcp-server)""]",services,Hosted,http,"https://mcp.across.to/mcp",None,,,,,FALSE,FALSE,"[""documentation-search"",""api-reference"",""supported-chains-query"",""bridge-fee-query""]","[""Across"",""bridges"",""cross-chain"",""documentation"",""AI agents""]","Official Across hosted MCP server for AI agents to search docs, retrieve API references, list supported chains, and fetch live bridge fees via a public streamable HTTP endpoint",Free,,$0,FALSE,FALSE
agenti,Nirholas,,"[""[Website](https://github.com/nirholas/agenti)"",""[Docs](https://github.com/nirholas/agenti#readme)""]",services,Self-hosted,stdio,,None,,npx,"[""@nirholas/agenti""]",,TRUE,TRUE,"[""defi-swap"",""defi-bridge"",""defi-yield"",""portfolio-tracking"",""x402-payments""]","[""EVM"",""Solana"",""multi-chain"",""DeFi"",""x402"",""AI agents""]","Comprehensive MCP server for DeFi operations across 20+ blockchains with 380+ tools for swaps, bridges, yield farming, portfolio tracking, and x402 payments",Free,,$0,FALSE,FALSE
aibtc-mcp-server,Aibtc,,"[""[Website](https://github.com/aibtcdev/aibtc-mcp-server)"",""[Docs](https://github.com/aibtcdev/aibtc-mcp-server#readme)""]",services,Self-hosted,stdio,,API Key,,,,,TRUE,TRUE,"[""wallet-management"",""defi-yield"",""sbtc-operations"",""nft-operations"",""x402-payments""]","[""Bitcoin"",""Stacks"",""DeFi"",""sBTC"",""NFT"",""x402"",""AI agents""]","Bitcoin-native MCP server for AI agents with BTC/STX wallets, DeFi yield, sBTC peg, NFTs, and x402 payments",Free,,$0,FALSE,FALSE
alchemy-mcp-server,Alchemy,,"[""[Website](https://github.com/alchemyplatform/alchemy-mcp-server)"",""[Docs](https://github.com/alchemyplatform/alchemy-mcp-server#readme)""]",apis,Self-hosted,stdio,,API Key,,npx,"[""-y"",""@alchemy/mcp-server""]","[""ALCHEMY_API_KEY""]",FALSE,TRUE,"[""multichain-data-query"",""token-pricing"",""onchain-transfers"",""wallet-operations""]","[""infrastructure"",""multi-chain"",""on-chain data"",""AI agents""]",Official Alchemy MCP server for AI agents to query blockchain data and execute transactions through Alchemy APIs,Free,,$0,FALSE,FALSE
algorand-mcp,GoPlausible,,"[""[Website](https://github.com/GoPlausible/algorand-mcp)"",""[Docs](https://github.com/GoPlausible/algorand-mcp#readme)""]",apis,Self-hosted,stdio,,None,,npx,"[""@goplausible/algorand-mcp""]",,FALSE,TRUE,"[""wallet-management"",""transaction-send"",""contract-interaction"",""algorand-assets""]","[""Algorand"",""wallet"",""smart contracts"",""ASA"",""AI agents""]","Algorand MCP server for AI agents — wallet management, transaction building/signing, smart contracts, and ASAs on Algorand mainnet/testnet",Free,,$0,FALSE,FALSE
base-docs-mcp,Base,,"[""[Website](https://docs.base.org/get-started/docs-mcp)"",""[Docs](https://docs.base.org/get-started/docs-mcp)""]",docs,Hosted,http,"https://docs.base.org/mcp",None,,,,,FALSE,FALSE,"[""documentation-search"",""api-reference"",""developer-guidance""]","[""Base"",""documentation"",""developer platform"",""AI agents""]","Official Base documentation MCP server for AI agents to search Base docs, API references, and implementation guides via a hosted streamable HTTP endpoint",Free,,$0,FALSE,FALSE
base-mcp,Base,,"[""[Website](https://github.com/base/base-mcp)"",""[Docs](https://github.com/base/base-mcp#readme)""]",wallets,Self-hosted,stdio,,API Key,,npx,"[""-y"",""base-mcp@latest""]","[""COINBASE_API_KEY_NAME"",""COINBASE_API_PRIVATE_KEY"",""SEED_PHRASE""]",FALSE,TRUE,"[""wallet-management"",""token-transfer"",""smart-contract-deployment"",""nft-management""]","[""Base"",""EVM"",""onchain-tools"",""AI agents"",""Coinbase""]","Official Base MCP server for AI agents to interact with the Base blockchain and Coinbase API, enabling wallet management, token transfers, contract deployment, and NFT operations",Free,,$0,FALSE,FALSE
beaconcha-in-docs-mcp,Beaconcha.in,,"[""[Website](https://beaconcha.in/)"",""[Docs](https://docs.beaconcha.in/mcp)""]",docs,Hosted,http,"https://docs.beaconcha.in/mcp",None,,,,,FALSE,FALSE,"[""documentation-search"",""api-reference"",""developer-guidance""]","[""Beaconcha.in"",""Ethereum"",""beacon chain"",""validator analytics"",""documentation"",""AI agents""]","Official Beaconcha.in documentation MCP server for AI agents to search Ethereum beacon-chain explorer docs, API references, and validator tooling guides via a hosted streamable HTTP endpoint",Free,,$0,FALSE,FALSE
berachain-docs-mcp,Berachain,,"[""[Website](https://berachain.com/)"",""[Docs](https://docs.berachain.com/mcp)""]",docs,Hosted,http,"https://docs.berachain.com/mcp",None,,,,,FALSE,FALSE,"[""documentation-search"",""api-reference"",""developer-guidance""]","[""Berachain"",""Layer 1"",""EVM"",""documentation"",""AI agents""]","Official Berachain documentation MCP server for AI agents to search Berachain docs, API references, and developer guides via a hosted streamable HTTP endpoint",Free,,$0,FALSE,FALSE
biconomy-docs-mcp,Biconomy,,"[""[Website](https://www.biconomy.io/)"",""[Docs](https://docs.biconomy.io/mcp)""]",docs,Hosted,http,"https://docs.biconomy.io/mcp",None,,,,,FALSE,FALSE,"[""documentation-search"",""api-reference"",""developer-guidance""]","[""Biconomy"",""smart accounts"",""ERC-4337"",""AA"",""documentation"",""AI agents""]","Official Biconomy documentation MCP server for AI agents to search Biconomy docs, smart account guides, and API references for ERC-4337 account abstraction and gasless transactions via a hosted streamable HTTP endpoint",Free,,$0,FALSE,FALSE
bitgo-mcp,BitGo,,"[""[Website](https://developers.bitgo.com/)"",""[Docs](https://developers.bitgo.com/docs/get-started-mcp-server)""]",services,Hosted,http,"https://developers.bitgo.com/mcp",None,,,,,FALSE,FALSE,"[""documentation-search"",""integration-help"",""concept-exploration""]","[""BitGo"",""documentation"",""AI agents"",""crypto infrastructure""]","Official BitGo MCP server enabling AI tools to search, read, and interact with BitGo documentation through natural language for wallet creation, staking endpoints, API integration, and other developer resources",Free,,$0,FALSE,FALSE
blaze-docs-mcp,Blaze,,"[""[Website](https://blaze.money/)"",""[Docs](https://docs.blaze.money/mcp)""]",docs,Hosted,http,"https://docs.blaze.money/mcp",None,,,,,FALSE,FALSE,"[""documentation-search"",""api-reference"",""developer-guidance""]","[""Blaze"",""wallet"",""Solana"",""documentation"",""AI agents""]","Official Blaze documentation MCP server for AI agents to search Blaze docs, wallet integration references, and developer guidance via a hosted streamable HTTP endpoint",Free,,$0,FALSE,FALSE
blockdaemon-docs-mcp,Blockdaemon,,"[""[Website](https://www.blockdaemon.com/)"",""[Docs](https://docs.blockdaemon.com/mcp)""]",docs,Hosted,http,"https://docs.blockdaemon.com/mcp",None,,,,,FALSE,FALSE,"[""documentation-search"",""api-reference"",""developer-guidance""]","[""Blockdaemon"",""infrastructure"",""node services"",""documentation"",""AI agents""]","Official Blockdaemon documentation MCP server for AI agents to search Blockdaemon docs, API references, and infrastructure integration guides via a hosted streamable HTTP endpoint",Free,,$0,FALSE,FALSE
blocknative-mcp,KukaPay,,"[""[Website](https://github.com/kukapay/blocknative-mcp)"",""[Docs](https://github.com/kukapay/blocknative-mcp#readme)""]",apis,Self-hosted,stdio,,None,,uv,"[""run"",""blocknative-mcp""]",,FALSE,FALSE,"[""gas-price-prediction"",""gas-cost-estimation""]","[""gas oracle"",""multi-chain"",""EVM"",""Solana"",""Bitcoin"",""AI agents""]",MCP server providing real-time gas price predictions and transaction cost estimation across multiple blockchains via the Blocknative Gas Price API,Free,,$0,FALSE,FALSE
blockscout-docs-mcp,Blockscout,,"[""[Website](https://www.blockscout.com/)"",""[Docs](https://docs.blockscout.com/mcp)""]",docs,Hosted,http,"https://docs.blockscout.com/mcp",None,,,,,FALSE,FALSE,"[""documentation-search"",""api-reference"",""developer-guidance""]","[""Blockscout"",""block explorer"",""documentation"",""EVM"",""AI agents""]","Official Blockscout documentation MCP server for AI agents to search Blockscout docs, API references, and explorer integration guides via a hosted streamable HTTP endpoint",Free,,$0,FALSE,FALSE
blockscout-mcp,Blockscout,,"[""[Website](https://github.com/blockscout/mcp-server)"",""[Docs](https://github.com/blockscout/mcp-server#readme)""]",explorers,Hosted,http,"https://mcp.blockscout.com/mcp",None,,,,,FALSE,FALSE,"[""address-balance-query"",""token-lookup"",""contract-metadata"",""transaction-lookup"",""nft-query""]","[""block explorer"",""multi-chain"",""EVM"",""on-chain data"",""AI agents""]","Official Blockscout MCP server for AI agents to access blockchain explorer data—balances, tokens, NFTs, and contract metadata—across EVM networks via a hosted HTTP endpoint",Free,,$0,FALSE,FALSE
bnbchain-mcp,BNB Chain,,"[""[Website](https://github.com/bnb-chain/bnbchain-mcp)"",""[Docs](https://github.com/bnb-chain/bnbchain-mcp#readme)""]",services,Self-hosted,stdio,,None,,npx,"[""-y"",""@bnb-chain/mcp@latest""]",,FALSE,TRUE,"[""evm-read"",""transaction-send"",""contract-interaction"",""greenfield-file-operations""]","[""EVM"",""BSC"",""opBNB"",""Greenfield"",""AI agents""]","Official BNB Chain MCP server for interacting with BSC, opBNB, Greenfield, and other supported EVM networks via AI agents",Free,,$0,FALSE,FALSE
bubblemaps-docs-mcp,Bubblemaps,,"[""[Website](https://bubblemaps.io/)"",""[Docs](https://docs.bubblemaps.io/mcp)""]",docs,Hosted,http,"https://docs.bubblemaps.io/mcp",None,,,,,FALSE,FALSE,"[""documentation-search"",""api-reference"",""developer-guidance""]","[""Bubblemaps"",""on-chain analytics"",""token distribution"",""documentation"",""AI agents""]","Official Bubblemaps documentation MCP server for AI agents to search Bubblemaps docs, API references, and token-cluster analytics guidance via a hosted streamable HTTP endpoint",Free,,$0,FALSE,FALSE
chainbase-docs-mcp,Chainbase,,"[""[Website](https://chainbase.com/)"",""[Docs](https://docs.chainbase.com/mcp)""]",docs,Hosted,http,"https://docs.chainbase.com/mcp",None,,,,,FALSE,FALSE,"[""documentation-search"",""api-reference"",""developer-guidance""]","[""Chainbase"",""on-chain data"",""indexing"",""documentation"",""AI agents""]","Official Chainbase documentation MCP server for AI agents to search Chainbase docs, API references, and integration guides for on-chain data and indexing services via a hosted streamable HTTP endpoint",Free,,$0,FALSE,FALSE
chainlink-feeds-mcp,KukaPay,,"[""[Website](https://github.com/kukapay/chainlink-feeds-mcp)"",""[Docs](https://github.com/kukapay/chainlink-feeds-mcp#readme)""]",analytics,Self-hosted,stdio,,API Key,,node,"[""path/to/chainlink-feeds-mcp/index.js""]","[""INFURA_API_KEY""]",FALSE,FALSE,"[""price-feed-query"",""multi-chain-price-data"",""defi-analytics""]","[""Chainlink"",""price feeds"",""DeFi"",""multi-chain"",""AI agents""]",MCP server providing real-time Chainlink on-chain price feed data across 9 EVM networks via Infura API,Free,,$0,FALSE,FALSE
chainstack-developer-portal-mcp,Chainstack,,"[""[Website](https://docs.chainstack.com/docs/developer-portal-mcp-server)"",""[Docs](https://docs.chainstack.com/docs/developer-portal-mcp-server)""]",services,Hosted,http,"https://docs.chainstack.com/mcp",None,,,,,FALSE,FALSE,"[""documentation-search"",""api-reference"",""developer-guidance""]","[""Chainstack"",""documentation"",""developer platform"",""AI agents""]","Official Chainstack Developer Portal MCP server for AI agents to search Chainstack documentation, API references, and blockchain development guides via a hosted streamable HTTP endpoint",Free,,$0,FALSE,FALSE
chainstack-rpc-nodes-mcp,Chainstack,,"[""[Website](https://github.com/chainstacklabs/rpc-nodes-mcp)"",""[Docs](https://docs.chainstack.com/docs/platform-introduction)""]",apis,Self-hosted,stdio,,API Key,,,,,FALSE,TRUE,"[""json-rpc-interaction"",""node-access""]","[""JSON-RPC"",""Blockchain nodes"",""Ethereum"",""Solana"",""AI agents""]","Minimal, fast, and extensible MCP server for interactions with JSON-RPC blockchain nodes",Free,,$0,FALSE,FALSE
circle-docs-mcp,Circle,,"[""[Website](https://www.circle.com/)"",""[Docs](https://developers.circle.com/mcp)""]",docs,Hosted,http,"https://developers.circle.com/mcp",None,,,,,FALSE,FALSE,"[""documentation-search"",""api-reference"",""developer-guidance""]","[""Circle"",""stablecoins"",""payments"",""documentation"",""AI agents""]","Official Circle documentation MCP server for AI agents to search Circle docs, API references, and developer guides for stablecoin and payments infrastructure via a hosted streamable HTTP endpoint",Free,,$0,FALSE,FALSE
clave-docs-mcp,Clave,,"[""[Website](https://www.getclave.com/)"",""[Docs](https://docs.getclave.com/mcp)""]",docs,Hosted,http,"https://docs.getclave.com/mcp",None,,,,,FALSE,FALSE,"[""documentation-search"",""api-reference"",""developer-guidance""]","[""Clave"",""wallet"",""ZKsync"",""documentation"",""AI agents""]","Official Clave documentation MCP server for AI agents to search Clave docs, wallet integration guides, and API references via a hosted streamable HTTP endpoint",Free,,$0,FALSE,FALSE
codex-docs-mcp,Codex,,"[""[Website](https://docs.codex.io/)"",""[Docs](https://docs.codex.io/agents/docs-mcp)""]",docs,Hosted,http,"https://docs.codex.io/mcp",None,,,,,FALSE,FALSE,"[""documentation-search"",""api-reference"",""graphql-guidance"",""query-generation""]","[""DeFi"",""multi-chain"",""market data"",""documentation"",""AI agents""]",Official Codex Docs MCP server for AI agents to search Codex API documentation and generate accurate GraphQL queries via a hosted HTTP endpoint,Free,,$0,FALSE,FALSE
codex-mcp,Codex,,"[""[Website](https://github.com/Codex-Data/codex-mcp)"",""[Docs](https://docs.codex.io/agents/docs-mcp)""]",apis,Self-hosted,stdio,,API Key,,npx,"[""@codex-data/codex-mcp""]","[""CODEX_API_KEY""]",FALSE,FALSE,"[""token-data"",""pair-analytics"",""defi-events"",""wallet-analytics""]","[""DeFi"",""multi-chain"",""market data"",""AI agents""]",Official Codex MCP server for querying real-time enriched DeFi and blockchain data across 90+ networks via the Codex GraphQL API,Free,,$0,FALSE,FALSE
coinbase-agentkit-mcp,Coinbase,,"[""[Website](https://github.com/coinbase/agentkit/tree/main/typescript/framework-extensions/model-context-protocol)"",""[Docs](https://docs.cdp.coinbase.com/agent-kit/core-concepts/model-context-protocol)""]",wallets,Self-hosted,stdio,,API Key,,,,,FALSE,TRUE,"[""wallet-management"",""onchain-transfers"",""smart-contract-interaction""]","[""EVM"",""SVM"",""AgentKit"",""AI agents""]",Official Coinbase AgentKit MCP extension for exposing wallet and onchain tools to MCP-compatible AI clients,Free,,$0,FALSE,FALSE
coinbase-cdp-mcp,Coinbase,,"[""[Website](https://docs.cdp.coinbase.com/)"",""[Docs](https://docs.cdp.coinbase.com/get-started/develop-with-ai/setup/ai-mcp-setup)""]",services,Hosted,http,"https://docs.cdp.coinbase.com/mcp",None,,,,,FALSE,FALSE,"[""documentation-search"",""api-reference"",""developer-guidance""]","[""Coinbase"",""CDP"",""developer-platform"",""documentation"",""AI agents""]","Official Coinbase Developer Platform MCP server for AI agents to search CDP documentation, API references, and developer guides",Free,,$0,FALSE,FALSE
coingecko-docs-mcp,CoinGecko,,"[""[Website](https://www.coingecko.com/)"",""[Docs](https://docs.coingecko.com/docs/mcp-server)""]",docs,Hosted,http,"https://docs.coingecko.com/mcp",None,,,,,FALSE,FALSE,"[""documentation-search"",""api-reference"",""developer-guidance""]","[""CoinGecko"",""market data"",""documentation"",""API"",""AI agents""]","Official CoinGecko documentation MCP server for AI agents to search CoinGecko API docs, endpoint references, and implementation guides via a hosted streamable HTTP endpoint",Free,,$0,FALSE,FALSE
coingecko-mcp,CoinGecko,,"[""[Website](https://github.com/coingecko/coingecko-typescript/tree/main/packages/mcp-server)"",""[Docs](https://docs.coingecko.com/)""]",apis,Self-hosted,stdio,,API Key,,npx,"[""-y"",""@coingecko/coingecko-mcp""]",,FALSE,FALSE,"[""coin-price-query"",""market-data-query"",""token-analytics"",""historical-data-query""]","[""market data"",""price feeds"",""crypto analytics"",""multi-chain"",""AI agents""]","Official CoinGecko MCP server for AI agents to query cryptocurrency prices, market data, and on-chain metrics across 250+ blockchain networks via the CoinGecko API",Free,,$0,FALSE,FALSE
coingecko-mcp-http,CoinGecko,,"[""[Website](https://www.coingecko.com/)"",""[Docs](https://docs.coingecko.com/docs/mcp-server)""]",analytics,Hosted,http,"https://mcp.api.coingecko.com/mcp",None,,,,,FALSE,FALSE,"[""coin-price-query"",""market-data-query"",""token-analytics"",""historical-data-query"",""dex-analytics""]","[""market data"",""price feeds"",""crypto analytics"",""multi-chain"",""AI agents""]","Official CoinGecko public hosted MCP server for AI agents to access real-time crypto prices, market caps, trading volumes, onchain DEX analytics across 200+ networks, trending tokens, and historical data; no API key required",Free,,$0,FALSE,FALSE
coingecko-mcp-pro,CoinGecko,,"[""[Website](https://www.coingecko.com/)"",""[Docs](https://docs.coingecko.com/docs/mcp-server)""]",analytics,Hosted,http,"https://mcp.pro-api.coingecko.com/mcp",API Key,,,,,FALSE,FALSE,"[""coin-price-query"",""market-data-query"",""token-analytics"",""historical-data-query"",""dex-analytics""]","[""market data"",""price feeds"",""crypto analytics"",""multi-chain"",""AI agents""]","Official CoinGecko authenticated hosted MCP server for AI agents to access the full toolset with higher rate limits via Demo/Pro API key authorization at the Pro endpoint",Freemium,Demo/Pro,$0,FALSE,FALSE
coingecko-mcp-pro-sse,CoinGecko,,"[""[Website](https://www.coingecko.com/)"",""[Docs](https://docs.coingecko.com/docs/mcp-server)""]",analytics,Hosted,sse,"https://mcp.pro-api.coingecko.com/sse",API Key,,,,,FALSE,FALSE,"[""coin-price-query"",""market-data-query"",""token-analytics"",""historical-data-query"",""dex-analytics""]","[""market data"",""price feeds"",""crypto analytics"",""multi-chain"",""AI agents""]","Official CoinGecko authenticated hosted MCP SSE endpoint for AI agents that connect with Server-Sent Events and Demo/Pro API key authorization",Freemium,Demo/Pro,$0,FALSE,FALSE
coingecko-mcp-sse,CoinGecko,,"[""[Website](https://www.coingecko.com/)"",""[Docs](https://docs.coingecko.com/docs/mcp-server)""]",analytics,Hosted,sse,"https://mcp.api.coingecko.com/sse",None,,,,,FALSE,FALSE,"[""coin-price-query"",""market-data-query"",""token-analytics"",""historical-data-query"",""dex-analytics""]","[""market data"",""price feeds"",""crypto analytics"",""multi-chain"",""AI agents""]","Official CoinGecko public hosted MCP SSE endpoint for AI agents to access real-time crypto market and onchain analytics data without an API key",Free,,$0,FALSE,FALSE
coinglass-docs-mcp,Coinglass,,"[""[Website](https://www.coinglass.com/)"",""[Docs](https://docs.coinglass.com/mcp)""]",docs,Hosted,http,"https://docs.coinglass.com/mcp",None,,,,,FALSE,FALSE,"[""documentation-search"",""api-reference"",""developer-guidance""]","[""Coinglass"",""analytics"",""market data"",""documentation"",""AI agents""]","Official Coinglass documentation MCP server for AI agents to search Coinglass docs, API references, and analytics integration guides via a hosted streamable HTTP endpoint",Free,,$0,FALSE,FALSE
coinmarketcap-mcp,CoinMarketCap,,"[""[Website](https://coinmarketcap.com/api/documentation/ai-agent-hub)"",""[Docs](https://coinmarketcap.com/api/documentation/ai-agent-hub/mcp)""]",analytics,Hosted,http,"https://mcp.coinmarketcap.com/mcp",API Key,coinmarketcap,,,,TRUE,FALSE,"[""price-lookup"",""market-cap-query"",""trading-volume"",""token-search"",""exchange-data-query""]","[""market data"",""crypto prices"",""multi-chain"",""AI agents"",""x402""]","Official CoinMarketCap MCP server for AI agents to access real-time cryptocurrency prices, market caps, trading volumes, and data on 20,000+ coins; requires CMC Pro API key or pay per request via x402 at $0.01 USDC on Base",Free,,$0,FALSE,FALSE
coinpaprika-docs-mcp,Coinpaprika,,"[""[Website](https://coinpaprika.com/)"",""[Docs](https://docs.dexpaprika.com/mcp)""]",docs,Hosted,http,"https://docs.dexpaprika.com/mcp",None,,,,,FALSE,FALSE,"[""documentation-search"",""api-reference"",""developer-guidance""]","[""Coinpaprika"",""DexPaprika"",""DEX analytics"",""documentation"",""AI agents""]","Official Coinpaprika documentation MCP server for AI agents to search DexPaprika docs, API references, and developer guidance via a hosted streamable HTTP endpoint",Free,,$0,FALSE,FALSE
coinpaprika-mcp-json-rpc,Coinpaprika,,"[""[Website](https://mcp.coinpaprika.com)"",""[Docs](https://docs.coinpaprika.com/mcp-introduction)""]",analytics,Hosted,http,"https://mcp.coinpaprika.com/json-rpc",None,,,,,FALSE,FALSE,"[""coin-price-query"",""market-data-query"",""market-cap-query"",""trading-volume-query"",""exchange-data-query""]","[""market data"",""price feeds"",""crypto analytics"",""multi-chain"",""AI agents""]","Official CoinPaprika hosted MCP server for AI agents over JSON-RPC HTTP, providing real-time cryptocurrency prices, market caps, trading volumes, and token data for 8,000+ coins without an API key",Free,,$0,FALSE,FALSE
coinpaprika-mcp-sse,Coinpaprika,,"[""[Website](https://mcp.coinpaprika.com)"",""[Docs](https://docs.coinpaprika.com/mcp-introduction)""]",analytics,Hosted,sse,"https://mcp.coinpaprika.com/sse",None,,,,,FALSE,FALSE,"[""coin-price-query"",""market-data-query"",""market-cap-query"",""trading-volume-query"",""exchange-data-query""]","[""market data"",""price feeds"",""crypto analytics"",""multi-chain"",""AI agents""]","Official CoinPaprika hosted MCP server for AI agents to access real-time cryptocurrency prices, market caps, trading volumes, and token data for 8,000+ coins via a public SSE endpoint; no API key required",Free,,$0,FALSE,FALSE
contract-scraper-mcp,KukaPay,,"[""[Website](https://github.com/kukapay/contract-scraper-mcp)"",""[Docs](https://github.com/kukapay/contract-scraper-mcp#readme)""]",smart-contract,Self-hosted,stdio,,API Key,,uv,"[""--directory"",""/path/to/contract-scraper-mcp"",""run"",""main.py""]","[""ETHERSCAN_API_KEY""]",FALSE,FALSE,"[""contract-source-download"",""abi-retrieval"",""contract-metadata-query""]","[""smart contracts"",""EVM"",""block explorer"",""source code"",""AI agents""]",MCP server for AI agents to download verified smart-contract source code and ABIs across 13 EVM blockchains via Etherscan V2 API,Free,,$0,FALSE,FALSE
cookbook-docs-mcp,Cookbook.dev,,"[""[Website](https://ai.cookbook.dev/)"",""[Docs](https://docs.cookbook.dev/mcp)""]",docs,Hosted,http,"https://docs.cookbook.dev/mcp",None,,,,,FALSE,FALSE,"[""documentation-search"",""api-reference"",""developer-guidance""]","[""Cookbook.dev"",""smart contracts"",""developer tools"",""documentation"",""AI agents""]","Official Cookbook.dev documentation MCP server for AI agents to search Cookbook docs, code examples, and developer guidance for web3 smart-contract tooling via a hosted streamable HTTP endpoint",Free,,$0,FALSE,FALSE
covalent-docs-mcp,Covalent,,"[""[Website](https://www.covalenthq.com/)"",""[Docs](https://www.covalenthq.com/docs/mcp)""]",docs,Hosted,http,"https://www.covalenthq.com/docs/mcp",None,,,,,FALSE,FALSE,"[""documentation-search"",""api-reference"",""developer-guidance""]","[""Covalent"",""web3 data"",""APIs"",""documentation"",""AI agents""]","Official Covalent documentation MCP server for AI agents to search Covalent docs, API references, and API integration guides via a hosted streamable HTTP endpoint",Free,,$0,FALSE,FALSE
crossmint-docs-mcp,Crossmint,,"[""[Website](https://www.crossmint.com/)"",""[Docs](https://docs.crossmint.com/mcp)""]",docs,Hosted,http,"https://docs.crossmint.com/mcp",None,,,,,FALSE,FALSE,"[""documentation-search"",""api-reference"",""developer-guidance""]","[""Crossmint"",""documentation"",""developer platform"",""AI agents""]","Official Crossmint documentation MCP server for AI agents to search Crossmint docs, API references, and integration guides via a hosted streamable HTTP endpoint",Free,,$0,FALSE,FALSE
crypto-com-market-data-mcp,Crypto.com,,"[""[Website](https://mcp.crypto.com/docs)"",""[Docs](https://mcp.crypto.com/docs/getting-started)""]",analytics,Hosted,http,"https://mcp.crypto.com/market-data/mcp",None,,,,,FALSE,FALSE,"[""price-lookup"",""trading-volume"",""market-data-query"",""price-change-tracking""]","[""Crypto.com"",""market data"",""crypto prices"",""AI agents""]","Official Crypto.com Market Data MCP server providing real-time cryptocurrency prices, trading volumes, and market trends directly to AI assistants; no API key required",Free,,$0,FALSE,FALSE
cryptoapis-mcp-address-history,Crypto APIs,,"[""[Website](https://github.com/CryptoAPIs-io/cryptoapis-mcp-address-history)"",""[Docs](https://github.com/CryptoAPIs-io/cryptoapis-mcp-address-history#readme)""]",apis,Self-hosted,stdio,,API Key,,npx,"[""@cryptoapis-io/mcp-address-history""]","[""CRYPTOAPIS_API_KEY""]",FALSE,FALSE,"[""address-history-query"",""transaction-history"",""address-sync-management""]","[""infrastructure"",""multi-chain"",""address-history"",""APIs"",""AI agents""]",MCP server for querying full address transaction and token transfer history for synced addresses across EVM and UTXO blockchains via Crypto APIs,Free,,$0,FALSE,FALSE
cryptoapis-mcp-address-latest,Crypto APIs,,"[""[Website](https://github.com/CryptoAPIs-io/cryptoapis-mcp-address-latest)"",""[Docs](https://github.com/CryptoAPIs-io/cryptoapis-mcp-address-latest#readme)""]",apis,Self-hosted,stdio,,API Key,,npx,"[""@cryptoapis-io/mcp-address-latest""]","[""CRYPTOAPIS_API_KEY""]",FALSE,FALSE,"[""address-balance-query"",""transaction-history"",""token-transfer-history""]","[""infrastructure"",""multi-chain"",""address-data"",""APIs"",""AI agents""]","MCP server for querying latest address balances, transactions, and token transfers across EVM, UTXO, Solana, XRP, and Kaspa blockchains via Crypto APIs",Free,,$0,FALSE,FALSE
cryptoapis-mcp-block-data,Crypto APIs,,"[""[Website](https://github.com/CryptoAPIs-io/cryptoapis-mcp-block-data)"",""[Docs](https://github.com/CryptoAPIs-io/cryptoapis-mcp-block-data#readme)""]",apis,Self-hosted,stdio,,API Key,,npx,"[""@cryptoapis-io/mcp-block-data""]","[""CRYPTOAPIS_API_KEY""]",FALSE,FALSE,"[""block-by-height-query"",""block-by-hash-query"",""block-transactions-query""]","[""infrastructure"",""UTXO"",""EVM"",""XRP"",""APIs"",""AI agents""]","MCP server for Crypto APIs Block Data product to query blocks and block transactions by height or hash across EVM, UTXO, and XRP blockchains",Free,,$0,FALSE,FALSE
cryptoapis-mcp-blockchain-fees,Crypto APIs,,"[""[Website](https://github.com/CryptoAPIs-io/cryptoapis-mcp-blockchain-fees)"",""[Docs](https://github.com/CryptoAPIs-io/cryptoapis-mcp-blockchain-fees#readme)""]",apis,Self-hosted,stdio,,API Key,,npx,"[""@cryptoapis-io/mcp-blockchain-fees""]","[""CRYPTOAPIS_API_KEY""]",FALSE,FALSE,"[""fee-recommendation"",""gas-estimation"",""xrp-fee-query""]","[""infrastructure"",""UTXO"",""EVM"",""XRP"",""APIs"",""AI agents""]","MCP server for fee recommendations and gas estimation for UTXO, EVM, and XRP blockchains via Crypto APIs",Free,,$0,FALSE,FALSE
cryptoapis-mcp-broadcast,Crypto APIs,,"[""[Website](https://github.com/CryptoAPIs-io/cryptoapis-mcp-broadcast)"",""[Docs](https://github.com/CryptoAPIs-io/cryptoapis-mcp-broadcast#readme)""]",apis,Self-hosted,stdio,,API Key,,npx,"[""@cryptoapis-io/mcp-broadcast""]","[""CRYPTOAPIS_API_KEY""]",FALSE,TRUE,"[""signed-transaction-broadcast"",""evm-broadcast"",""utxo-broadcast""]","[""infrastructure"",""EVM"",""UTXO"",""transaction-broadcast"",""APIs"",""AI agents""]",MCP server for broadcasting signed transactions across supported EVM and UTXO blockchains via Crypto APIs,Free,,$0,FALSE,FALSE
cryptoapis-mcp-contracts,Crypto APIs,,"[""[Website](https://github.com/CryptoAPIs-io/cryptoapis-mcp-contracts)"",""[Docs](https://github.com/CryptoAPIs-io/cryptoapis-mcp-contracts#readme)""]",apis,Self-hosted,stdio,,API Key,,npx,"[""@cryptoapis-io/mcp-contracts""]","[""CRYPTOAPIS_API_KEY""]",FALSE,FALSE,"[""contract-token-details"",""solana-token-details"",""token-standard-query""]","[""infrastructure"",""EVM"",""Solana"",""smart contracts"",""APIs"",""AI agents""]",MCP server for reading smart contract token details by contract address on EVM and Solana blockchains via Crypto APIs,Free,,$0,FALSE,FALSE
cryptoapis-mcp-hd-wallet,Crypto APIs,,"[""[Website](https://github.com/CryptoAPIs-io/cryptoapis-mcp-hd-wallet)"",""[Docs](https://github.com/CryptoAPIs-io/cryptoapis-mcp-hd-wallet#readme)""]",apis,Self-hosted,stdio,,API Key,,npx,"[""@cryptoapis-io/mcp-hd-wallet""]","[""CRYPTOAPIS_API_KEY""]",FALSE,FALSE,"[""hd-wallet-management"",""xpub-sync"",""wallet-balance-query"",""address-derivation""]","[""infrastructure"",""EVM"",""UTXO"",""XRP"",""HD wallets"",""APIs"",""AI agents""]","MCP server for Crypto APIs HD Wallet product to track and manage HD wallets by extended public key across EVM, UTXO, and XRP blockchains",Free,,$0,FALSE,FALSE
cryptoapis-mcp-http-server,Crypto APIs,,"[""[Website](https://cryptoapis.io/)"",""[Docs](https://github.com/CryptoAPIs-io/cryptoapis-mcp-hub)""]",apis,Hosted,http,"https://ai.cryptoapis.io/mcp",API Key,cryptoapis,,,,FALSE,TRUE,"[""blockchain-data-query"",""address-balance-lookup"",""transaction-history"",""fee-estimation"",""signed-transaction-broadcast"",""hd-wallet-management""]","[""infrastructure"",""multi-chain"",""APIs"",""blockchain data"",""AI agents""]","Official CryptoAPIs hosted MCP server providing unified blockchain data via HTTP streamable transport across EVM, UTXO, Solana, XRP, and Kaspa networks",Free,,$0,FALSE,FALSE
cryptoapis-mcp-hub,Crypto APIs,,"[""[Website](https://github.com/CryptoAPIs-io/cryptoapis-mcp-hub)"",""[Docs](https://github.com/CryptoAPIs-io/cryptoapis-mcp-hub#readme)""]",apis,Self-hosted,stdio,,API Key,,,,,FALSE,FALSE,"[""blockchain-data-query"",""address-monitoring"",""transaction-lookup""]","[""infrastructure"",""multi-chain"",""APIs"",""AI agents""]",CryptoAPIs MCP hub providing blockchain data tools for AI agents across multiple networks,Free,,$0,FALSE,FALSE
cryptoapis-mcp-prepare-transactions,Crypto APIs,,"[""[Website](https://github.com/CryptoAPIs-io/cryptoapis-mcp-prepare-transactions)"",""[Docs](https://github.com/CryptoAPIs-io/cryptoapis-mcp-prepare-transactions#readme)""]",apis,Self-hosted,stdio,,API Key,,npx,"[""@cryptoapis-io/mcp-prepare-transactions""]","[""CRYPTOAPIS_API_KEY""]",FALSE,FALSE,"[""evm-transaction-preparation"",""token-transfer-preparation"",""nft-transfer-preparation""]","[""infrastructure"",""EVM"",""transaction-preparation"",""APIs"",""AI agents""]",MCP server for preparing unsigned EVM transactions (native coin ERC-20 and NFT transfers) across supported EVM blockchains via Crypto APIs,Free,,$0,FALSE,FALSE
cryptoapis-mcp-signer,Crypto APIs,,"[""[Website](https://github.com/CryptoAPIs-io/cryptoapis-mcp-signer)"",""[Docs](https://github.com/CryptoAPIs-io/cryptoapis-mcp-signer#readme)""]",wallets,Self-hosted,stdio,,None,,npx,"[""@cryptoapis-io/mcp-signer""]",,FALSE,FALSE,"[""evm-transaction-signing"",""utxo-transaction-signing"",""xrp-transaction-signing""]","[""infrastructure"",""EVM"",""UTXO"",""XRP"",""transaction-signing"",""AI agents""]","MCP server for local transaction signing across EVM, UTXO, Tron, and XRP blockchains without Crypto API calls",Free,,$0,FALSE,FALSE
cryptoapis-mcp-simulate,Crypto APIs,,"[""[Website](https://github.com/CryptoAPIs-io/cryptoapis-mcp-simulate)"",""[Docs](https://github.com/CryptoAPIs-io/cryptoapis-mcp-simulate#readme)""]",apis,Self-hosted,stdio,,API Key,,npx,"[""@cryptoapis-io/mcp-simulate""]","[""CRYPTOAPIS_API_KEY""]",FALSE,FALSE,"[""evm-transaction-simulation"",""gas-usage-preview"",""state-change-preview""]","[""infrastructure"",""EVM"",""transaction-simulation"",""APIs"",""AI agents""]",MCP server for simulating EVM transactions across supported networks via Crypto APIs,Free,,$0,FALSE,FALSE
cryptoapis-mcp-transactions-data,Crypto APIs,,"[""[Website](https://github.com/CryptoAPIs-io/cryptoapis-mcp-transactions-data)"",""[Docs](https://github.com/CryptoAPIs-io/cryptoapis-mcp-transactions-data#readme)""]",apis,Self-hosted,stdio,,API Key,,npx,"[""@cryptoapis-io/mcp-transactions-data""]","[""CRYPTOAPIS_API_KEY""]",FALSE,FALSE,"[""transaction-lookup"",""tx-hash-query"",""cross-chain-transaction-data""]","[""infrastructure"",""multi-chain"",""transaction-data"",""APIs"",""AI agents""]","MCP server for transaction lookup by hash across EVM, UTXO, Solana, XRP, and Kaspa blockchains via Crypto APIs",Free,,$0,FALSE,FALSE
debridge-docs-mcp,deBridge,,"[""[Website](https://debridge.com/)"",""[Docs](https://docs.debridge.com/mcp)""]",docs,Hosted,http,"https://docs.debridge.com/mcp",None,,,,,FALSE,FALSE,"[""documentation-search"",""api-reference"",""developer-guidance""]","[""deBridge"",""cross-chain"",""documentation"",""DeFi"",""AI agents""]","Official deBridge documentation MCP server for AI agents to search deBridge docs, protocol references, and integration guides via a hosted streamable HTTP endpoint",Free,,$0,FALSE,FALSE
debridge-mcp,deBridge,,"[""[Website](https://github.com/debridge-finance/debridge-mcp)"",""[Docs](https://docs.debridge.com/dln-details/mcp/mcp-server)"",""[NPM](https://www.npmjs.com/package/@debridge-finance/debridge-mcp)""]",services,Self-hosted,stdio,,None,,npx,"[""-y"",""@debridge-finance/debridge-mcp@latest""]",,FALSE,TRUE,"[""cross-chain-swap"",""same-chain-swap"",""token-search"",""chain-query""]","[""bridges"",""cross-chain"",""DeFi"",""multi-chain"",""AI agents""]",MCP server for AI agents to execute cross-chain and same-chain token swaps via the deBridge DLN protocol,Free,,$0,FALSE,FALSE
defillama-mcp,DeFiLlama,,"[""[Docs](https://github.com/DefiLlama/defillama-skills)"",""[Website](https://defillama.com/mcp)""]",analytics,Hosted,http,"https://mcp.defillama.com/mcp",OAuth/PAT,defillama,,,,FALSE,FALSE,"[""tvl-query"",""protocol-analytics"",""yield-data"",""defi-market-data""]","[""DeFi"",""analytics"",""multi-chain"",""TVL"",""AI agents""]","Official DefiLlama MCP server providing 23 DeFi analytics tools for TVL, protocol metrics, yields, token prices, stablecoins, bridges, and more across 500+ chains",Freemium,,$0,FALSE,FALSE
dexpaprika-mcp,Coinpaprika,,"[""[Website](https://dexpaprika.com)"",""[Docs](https://docs.dexpaprika.com/introduction)""]",analytics,Hosted,http,"https://mcp.dexpaprika.com/streamable-http",None,,,,,FALSE,FALSE,"[""dex-analytics"",""token-price-query"",""liquidity-pool-data"",""market-analytics""]","[""DEX"",""DeFi analytics"",""multi-chain"",""AI agents""]","MCP server providing real-time DEX analytics including token prices, liquidity pools, and trading volume across 34 blockchain networks via DexPaprika API",Freemium,Free,$0,FALSE,FALSE
dfns-docs-mcp,Dfns,,"[""[Website](https://www.dfns.co/)"",""[Docs](https://docs.dfns.co/mcp)""]",docs,Hosted,http,"https://docs.dfns.co/mcp",None,,,,,FALSE,FALSE,"[""documentation-search"",""api-reference"",""developer-guidance""]","[""Dfns"",""wallet infrastructure"",""MPC wallets"",""documentation"",""AI agents""]","Official Dfns documentation MCP server for AI agents to search Dfns docs, API references, and developer guides for wallet infrastructure and key management via a hosted streamable HTTP endpoint",Free,,$0,FALSE,FALSE
dia-docs-mcp,DIA,,"[""[Website](https://www.diadata.org/)"",""[Docs](https://www.diadata.org/docs/mcp)""]",docs,Hosted,http,"https://www.diadata.org/docs/mcp",None,,,,,FALSE,FALSE,"[""documentation-search"",""api-reference"",""developer-guidance""]","[""DIA"",""oracle"",""price feeds"",""documentation"",""AI agents""]","Official DIA documentation MCP server for AI agents to search DIA docs, oracle API references, and integration guides via a hosted streamable HTTP endpoint",Free,,$0,FALSE,FALSE
dune-docs-mcp,Dune,,"[""[Website](https://dune.com/)"",""[Docs](https://docs.dune.com/mcp)""]",docs,Hosted,http,"https://docs.dune.com/mcp",None,,,,,FALSE,FALSE,"[""documentation-search"",""api-reference"",""developer-guidance""]","[""Dune"",""analytics"",""on-chain data"",""documentation"",""AI agents""]","Official Dune documentation MCP server for AI agents to search Dune docs, API references, and query integration guides via a hosted streamable HTTP endpoint",Free,,$0,FALSE,FALSE
dynamic-docs-mcp,Dynamic,,"[""[Website](https://www.dynamic.xyz/)"",""[Docs](https://www.dynamic.xyz/docs/mcp)""]",docs,Hosted,http,"https://www.dynamic.xyz/docs/mcp",None,,,,,FALSE,FALSE,"[""documentation-search"",""api-reference"",""developer-guidance""]","[""Dynamic"",""wallet infrastructure"",""embedded wallets"",""documentation"",""AI agents""]","Official Dynamic documentation MCP server for AI agents to search Dynamic docs, wallet infrastructure references, and integration guides via a hosted streamable HTTP endpoint",Free,,$0,FALSE,FALSE
dyor-docs-mcp,DYOR.io,,"[""[Website](https://dyor.io/)"",""[Docs](https://docs.dyor.io/mcp)""]",docs,Hosted,http,"https://docs.dyor.io/mcp",None,,,,,FALSE,FALSE,"[""documentation-search"",""api-reference"",""developer-guidance""]","[""DYOR.io"",""analytics"",""documentation"",""AI agents""]","Official DYOR.io documentation MCP server for AI agents to search DYOR docs, API references, and analytics integration guides via a hosted streamable HTTP endpoint",Free,,$0,FALSE,FALSE
enso-docs-mcp,Enso,,"[""[Website](https://www.enso.build/)"",""[Docs](https://docs.enso.build/mcp)""]",docs,Hosted,http,"https://docs.enso.build/mcp",None,,,,,FALSE,FALSE,"[""documentation-search"",""api-reference"",""developer-guidance""]","[""Enso"",""DeFi"",""routing"",""documentation"",""AI agents""]","Official Enso documentation MCP server for AI agents to search Enso developer docs, API references, and integration guides for DeFi routing and execution via a hosted streamable HTTP endpoint",Free,,$0,FALSE,FALSE
envio-docs-mcp,Envio,,"[""[Website](https://envio.dev/)"",""[Docs](https://docs.envio.dev/mcp)""]",docs,Hosted,http,"https://docs.envio.dev/mcp",None,,,,,FALSE,FALSE,"[""documentation-search"",""api-reference"",""developer-guidance""]","[""Envio"",""indexing"",""multi-chain"",""documentation"",""AI agents""]","Official Envio documentation MCP server for AI agents to search Envio docs, indexing framework references, and developer guides for blockchain data pipelines via a hosted HTTP endpoint",Free,,$0,FALSE,FALSE
etherscan-docs-mcp,Etherscan,,"[""[Website](https://etherscan.io/)"",""[Docs](https://docs.etherscan.io/mcp)""]",docs,Hosted,http,"https://docs.etherscan.io/mcp",None,,,,,FALSE,FALSE,"[""documentation-search"",""api-reference"",""developer-guidance""]","[""Etherscan"",""block explorer"",""documentation"",""EVM"",""AI agents""]","Official Etherscan documentation MCP server for AI agents to search Etherscan docs, API references, and integration guidance via a hosted streamable HTTP endpoint",Free,,$0,FALSE,FALSE
etherscan-hosted-mcp,Etherscan,,"[""[Docs](https://docs.etherscan.io/mcp-docs/introduction)""]",explorers,Hosted,http,"https://mcp.etherscan.io/mcp",API Key,,,,,FALSE,FALSE,"[""docs-search"",""api-reference-lookup"",""supported-chains-lookup""]","[""Etherscan"",""Ethereum"",""EVM"",""block explorer""]",Official Etherscan-hosted MCP server for querying Etherscan documentation and supported chains.,Free,,$0,FALSE,FALSE
etherspot-prime-docs-mcp,Etherspot Prime,,"[""[Website](https://etherspot.io/)"",""[Docs](https://etherspot.fyi/mcp)""]",docs,Hosted,http,"https://etherspot.fyi/mcp",None,,,,,FALSE,FALSE,"[""documentation-search"",""api-reference"",""developer-guidance""]","[""Etherspot Prime"",""account abstraction"",""smart accounts"",""documentation"",""AI agents""]","Official Etherspot Prime documentation MCP server for AI agents to search Etherspot docs, API references, and developer guidance for account abstraction tooling via a hosted streamable HTTP endpoint",Free,,$0,FALSE,FALSE
euler-vaults-mcp,KukaPay,,"[""[Website](https://github.com/kukapay/euler-vaults-mcp)"",""[Docs](https://github.com/kukapay/euler-vaults-mcp#readme)""]",analytics,Self-hosted,stdio,,None,,,,,FALSE,FALSE,"[""euler-vault-list"",""vault-data-query""]","[""DeFi"",""lending"",""yield"",""EVM"",""AI agents"",""Euler Finance""]",MCP server for AI agents to access Euler Finance lending vault data across 18+ EVM chains via Goldsky subgraphs,Free,,$0,FALSE,FALSE
evm-mcp-server,MCP.direct,,"[""[Website](https://github.com/mcpdotdirect/evm-mcp-server)"",""[Docs](https://github.com/mcpdotdirect/evm-mcp-server#readme)""]",smart-contract,Self-hosted,stdio,,API Key,,npx,"[""@mcpdotdirect/evm-mcp-server""]","[""EVM_PRIVATE_KEY""]",FALSE,TRUE,"[""evm-read"",""transaction-send"",""contract-interaction""]","[""EVM"",""multi-chain"",""smart contracts"",""AI agents""]",MCP server that provides tools for interacting with EVM networks,Free,,$0,FALSE,FALSE
flare-devhub-mcp,Flare,,"[""[Website](https://flare.network/)"",""[Docs](https://dev.flare.network/mcp)""]",services,Hosted,http,"https://dev.flare.network/mcp",None,,,,,FALSE,FALSE,"[""documentation-search"",""api-reference"",""developer-guidance""]","[""Flare"",""Layer 1"",""documentation"",""developer tools"",""AI agents""]","Official Flare DevHub MCP server for AI agents to search Flare developer documentation and API guidance via a hosted public MCP endpoint",Free,,$0,FALSE,FALSE
flexa-docs-mcp,Flexa,,"[""[Website](https://flexa.co/)"",""[Docs](https://docs.flexa.co/mcp)""]",docs,Hosted,http,"https://docs.flexa.co/mcp",None,,,,,FALSE,FALSE,"[""documentation-search"",""api-reference"",""developer-guidance""]","[""Flexa"",""payments"",""documentation"",""AI agents""]","Official Flexa documentation MCP server for AI agents to search Flexa docs, integration references, and payment network guides via a hosted streamable HTTP endpoint",Free,,$0,FALSE,FALSE
garden-docs-mcp,Garden,,"[""[Website](https://garden.finance/)"",""[Docs](https://docs.garden.finance/mcp)""]",docs,Hosted,http,"https://docs.garden.finance/mcp",None,,,,,FALSE,FALSE,"[""documentation-search"",""api-reference"",""developer-guidance""]","[""Garden"",""Bitcoin"",""bridges"",""cross-chain"",""documentation"",""AI agents""]","Official Garden documentation MCP server for AI agents to search Garden docs and integration guidance for trustless Bitcoin bridging via a hosted streamable HTTP endpoint",Free,,$0,FALSE,FALSE
gate-docs-mcp,Gate,,"[""[Website](https://web3.gate.com/)"",""[Docs](https://docs.gate.com/mcp)""]",docs,Hosted,http,"https://docs.gate.com/mcp",None,,,,,FALSE,FALSE,"[""documentation-search"",""api-reference"",""developer-guidance""]","[""Gate"",""payments"",""web3"",""documentation"",""AI agents""]","Official Gate documentation MCP server for AI agents to search Gate docs, API references, and developer integration guidance via a hosted streamable HTTP endpoint",Free,,$0,FALSE,FALSE
gelato-docs-mcp,Gelato,,"[""[Website](https://gelato.cloud/)"",""[Docs](https://docs.gelato.cloud/mcp)""]",docs,Hosted,http,"https://docs.gelato.cloud/mcp",None,,,,,FALSE,FALSE,"[""documentation-search"",""api-reference"",""developer-guidance""]","[""Gelato"",""automation"",""web3 infrastructure"",""documentation"",""AI agents""]","Official Gelato documentation MCP server for AI agents to search Gelato docs, API references, and automation integration guides via a hosted streamable HTTP endpoint",Free,,$0,FALSE,FALSE
github-mcp-server,GitHub,,"[""[Website](https://github.com/github/github-mcp-server)"",""[Docs](https://github.com/github/github-mcp-server#readme)""]",services,Hosted,http,"https://api.githubcopilot.com/mcp/",OAuth/PAT,github,,,,FALSE,FALSE,"[""repository-management"",""issue-pr-automation"",""workflow-intelligence"",""code-analysis""]","[""GitHub"",""source control"",""CI/CD"",""AI agents""]","Official GitHub MCP Server for repository, issues, pull request, and workflow operations via AI agents",Free,,$0,FALSE,FALSE
goldsky-docs-mcp,Goldsky,,"[""[Website](https://goldsky.com/)"",""[Docs](https://docs.goldsky.com/mcp)""]",docs,Hosted,http,"https://docs.goldsky.com/mcp",None,,,,,FALSE,FALSE,"[""documentation-search"",""api-reference"",""developer-guidance""]","[""Goldsky"",""indexing"",""subgraphs"",""documentation"",""AI agents""]","Official Goldsky documentation MCP server for AI agents to search Goldsky docs, indexing guides, and API references for web3 data pipelines via a hosted streamable HTTP endpoint",Free,,$0,FALSE,FALSE
halliday-docs-mcp,Halliday,,"[""[Website](https://www.halliday.xyz/)"",""[Docs](https://docs.halliday.xyz/mcp)""]",docs,Hosted,http,"https://docs.halliday.xyz/mcp",None,,,,,FALSE,FALSE,"[""documentation-search"",""api-reference"",""developer-guidance""]","[""Halliday"",""payments"",""stablecoin infrastructure"",""documentation"",""AI agents""]","Official Halliday documentation MCP server for AI agents to search Halliday docs, API references, and integration guides for stablecoin payments and treasury automation via a hosted streamable HTTP endpoint",Free,,$0,FALSE,FALSE
helius-docs-mcp,Helius,,"[""[Website](https://www.helius.dev/docs/agents/mcp)"",""[Docs](https://www.helius.dev/docs/agents/mcp)""]",docs,Hosted,http,"https://www.helius.dev/docs/mcp",None,,,,,FALSE,FALSE,"[""documentation-search"",""api-reference"",""developer-guidance""]","[""Helius"",""Solana"",""documentation"",""AI agents""]","Official Helius documentation MCP server for AI agents to search Helius docs, API references, and Solana development guides via a hosted streamable HTTP endpoint",Free,,$0,FALSE,FALSE
heurist-docs-mcp,Heurist,,"[""[Website](https://heurist.xyz/)"",""[Docs](https://docs.heurist.ai/mcp)""]",docs,Hosted,http,"https://docs.heurist.ai/mcp",None,,,,,FALSE,FALSE,"[""documentation-search"",""api-reference"",""developer-guidance""]","[""Heurist"",""documentation"",""Web3 analytics"",""developer platform"",""AI agents""]","Official Heurist documentation MCP server for AI agents to search Heurist docs, API references, and integration guides via a hosted streamable HTTP endpoint",Free,,$0,FALSE,FALSE
heurist-mesh-mcp,Heurist,,"[""[Docs](https://docs.heurist.ai/heurist-mesh/mcp)"",""[GitHub](https://github.com/heurist-network/heurist-mesh-mcp-server)""]",analytics,Hosted,sse,"https://mesh.heurist.xyz/mcp/sse",API Key,,,,,FALSE,FALSE,"[""token-analytics"",""trending-tokens"",""wallet-analysis"",""defi-data"",""market-intelligence""]","[""Web3 analytics"",""crypto intelligence"",""multi-chain"",""token metrics"",""DeFi"",""AI agents""]","Hosted SSE MCP server providing 30+ specialized Web3 analytics agents via Heurist Mesh, including token analysis, trending tokens, EVM wallet data, DeFi intelligence, and funding rate metrics across major blockchains",Free,,$0,FALSE,FALSE
hyperlane-docs-mcp,Hyperlane,,"[""[Website](https://www.hyperlane.xyz/)"",""[Docs](https://docs.hyperlane.xyz/mcp)""]",docs,Hosted,http,"https://docs.hyperlane.xyz/mcp",None,,,,,FALSE,FALSE,"[""documentation-search"",""api-reference"",""developer-guidance""]","[""Hyperlane"",""cross-chain"",""interoperability"",""documentation"",""AI agents""]","Official Hyperlane documentation MCP server for AI agents to search Hyperlane docs, protocol references, and integration guides for interchain messaging via a hosted streamable HTTP endpoint",Free,,$0,FALSE,FALSE
indexing-company-docs-mcp,The Indexing Company,,"[""[Website](https://www.indexing.co/)"",""[Docs](https://docs.indexing.co/mcp)""]",docs,Hosted,http,"https://docs.indexing.co/mcp",None,,,,,FALSE,FALSE,"[""documentation-search"",""api-reference"",""developer-guidance""]","[""The Indexing Company"",""indexing"",""onchain data"",""documentation"",""AI agents""]","Official The Indexing Company documentation MCP server for AI agents to search indexing docs, API references, and data pipeline guides via a hosted streamable HTTP endpoint",Free,,$0,FALSE,FALSE
layerswap-docs-mcp,Layerswap,,"[""[Website](https://layerswap.io/)"",""[Docs](https://docs.layerswap.io/mcp)""]",docs,Hosted,http,"https://docs.layerswap.io/mcp",None,,,,,FALSE,FALSE,"[""documentation-search"",""api-reference"",""developer-guidance""]","[""Layerswap"",""bridge"",""cross-chain"",""documentation"",""AI agents""]","Official Layerswap documentation MCP server for AI agents to search bridge documentation, API references, and integration guides via a hosted streamable HTTP endpoint",Free,,$0,FALSE,FALSE
layerzero-docs-mcp,LayerZero Labs,,"[""[Website](https://layerzero.network/)"",""[Docs](https://docs.layerzero.network/mcp)""]",docs,Hosted,http,"https://docs.layerzero.network/mcp",None,,,,,FALSE,FALSE,"[""documentation-search"",""api-reference"",""developer-guidance""]","[""LayerZero"",""cross-chain"",""omnichain"",""documentation"",""AI agents""]","Official LayerZero documentation MCP server for AI agents to search LayerZero docs, access API references, and get developer guidance for building omnichain applications across 70+ blockchains via a hosted streamable HTTP endpoint",Free,,$0,FALSE,FALSE
li-fi-docs-mcp,LI.FI,,"[""[Website](https://li.fi/)"",""[Docs](https://docs.li.fi/mcp-server/overview)""]",docs,Hosted,http,"https://docs.li.fi/mcp",None,,,,,FALSE,FALSE,"[""documentation-search"",""api-reference"",""developer-guidance""]","[""LI.FI"",""cross-chain"",""documentation"",""bridge"",""AI agents""]","Official LI.FI documentation MCP server for AI agents to search LI.FI docs, API references, and integration guides via a hosted streamable HTTP endpoint",Free,,$0,FALSE,FALSE
li-fi-mcp,LI.FI,,"[""[Website](https://li.fi/)"",""[Docs](https://docs.li.fi/mcp-server/overview)""]",services,Hosted,http,"https://mcp.li.quest/mcp",None,,,,,FALSE,FALSE,"[""cross-chain-swap-quote"",""bridge-route-discovery"",""token-balance-query"",""gas-estimation"",""chain-data-query""]","[""cross-chain"",""bridge"",""DEX"",""swap"",""multi-chain"",""AI agents""]","Official LI.FI hosted MCP server for AI agents to get cross-chain swap quotes, discover bridge routes, check token balances, and query gas prices across 58+ blockchains including EVM, Solana, Bitcoin, and SUI; free to use with optional API key for higher rate limits",Free,,$0,FALSE,FALSE
livepeer-docs-mcp,Livepeer.js,,"[""[Website](https://livepeer.org/)"",""[Docs](https://docs.livepeer.org/mcp)""]",docs,Hosted,http,"https://docs.livepeer.org/mcp",None,,,,,FALSE,FALSE,"[""documentation-search"",""api-reference"",""developer-guidance""]","[""Livepeer"",""DePIN"",""video infrastructure"",""documentation"",""AI agents""]","Official Livepeer documentation MCP server for AI agents to search Livepeer docs, API references, and developer guides for onchain video and AI media infrastructure via a hosted streamable HTTP endpoint",Free,,$0,FALSE,FALSE
magic-docs-mcp,Magic,,"[""[Website](https://magic.link/)"",""[Docs](https://docs.magic.link/mcp)""]",docs,Hosted,http,"https://docs.magic.link/mcp",None,,,,,FALSE,FALSE,"[""documentation-search"",""api-reference"",""developer-guidance""]","[""Magic"",""wallets"",""authentication"",""documentation"",""AI agents""]","Official Magic documentation MCP server for AI agents to search Magic docs, API references, and integration guides for wallet authentication and embedded web3 onboarding via a hosted streamable HTTP endpoint",Free,,$0,FALSE,FALSE
mayan-finance-docs-mcp,Mayan Finance,,"[""[Website](https://mayan.finance/)"",""[Docs](https://docs.mayan.finance/mcp)""]",docs,Hosted,http,"https://docs.mayan.finance/mcp",None,,,,,FALSE,FALSE,"[""documentation-search"",""api-reference"",""developer-guidance""]","[""Mayan Finance"",""cross-chain"",""swap"",""documentation"",""AI agents""]","Official Mayan Finance documentation MCP server for AI agents to search cross-chain swap docs, API references, and integration guides via a hosted streamable HTTP endpoint",Free,,$0,FALSE,FALSE
mcp-etherscan-server,CrazyRabbitLTC,,"[""[Website](https://github.com/crazyrabbitLTC/mcp-etherscan-server)"",""[Docs](https://github.com/crazyrabbitLTC/mcp-etherscan-server#readme)""]",explorers,Self-hosted,stdio,,API Key,,node,"[""/path/to/mcp-etherscan-server/build/index.js""]","[""ETHERSCAN_API_KEY""]",FALSE,FALSE,"[""eth-balance-check"",""transaction-history"",""contract-abi-fetch""]","[""Ethereum"",""Etherscan"",""on-chain data"",""AI agents""]",MCP server exposing Ethereum data tools through the Etherscan API,Free,,$0,FALSE,FALSE
messari-docs-mcp,Messari,,"[""[Website](https://messari.io/)"",""[Docs](https://docs.messari.io/mcp)""]",docs,Hosted,http,"https://docs.messari.io/mcp",None,,,,,FALSE,FALSE,"[""documentation-search"",""api-reference"",""developer-guidance""]","[""Messari"",""analytics"",""market intelligence"",""documentation"",""AI agents""]","Official Messari documentation MCP server for AI agents to search Messari docs, API references, and analytics integration guides via a hosted streamable HTTP endpoint",Free,,$0,FALSE,FALSE
misttrack-mcp,SlowMist,,"[""[Website](https://github.com/slowmist/MistTrackMCP)"",""[Docs](https://docs.misttrack.io/openapi/overview)""]",analytics,Self-hosted,stdio,,API Key,,npx,"[""-y"",""misttrack@latest"",""--key"",""YOUR_MISTTRACK_API_KEY""]",,FALSE,FALSE,"[""address-risk-scoring"",""aml-screening"",""transaction-tracing"",""fund-flow-analysis""]","[""AML"",""security"",""analytics"",""multi-chain"",""blockchain forensics"",""AI agents""]",MCP server providing blockchain AML risk analysis and on-chain tracing via the MistTrack API across 19 networks,Free,,$0,FALSE,FALSE
mobula-docs-mcp,Mobula,,"[""[Website](https://mobula.io/)"",""[Docs](https://docs.mobula.io/)""]",docs,Hosted,http,"https://docs.mobula.io/mcp",None,,,,,FALSE,FALSE,"[""documentation-search"",""api-reference"",""developer-guidance""]","[""Mobula"",""market data"",""documentation"",""AI agents""]","Official Mobula documentation MCP server for AI agents to search Mobula API docs, endpoint references, and integration guides via a hosted streamable HTTP endpoint",Free,,$0,FALSE,FALSE
monad-docs-mcp,Monad,,"[""[Website](https://monad.xyz/)"",""[Docs](https://docs.monad.xyz/)""]",docs,Hosted,http,"https://docs.monad.xyz/mcp",None,,,,,FALSE,FALSE,"[""documentation-search"",""api-reference"",""developer-guidance""]","[""Monad"",""L1"",""documentation"",""AI agents""]","Official Monad documentation MCP server for AI agents to search Monad docs, API references, and developer guides via a hosted streamable HTTP endpoint",Free,,$0,FALSE,FALSE
moralis-mcp-server,Moralis,,"[""[Website](https://github.com/MoralisWeb3/moralis-mcp-server)"",""[Docs](https://github.com/MoralisWeb3/moralis-mcp-server#readme)""]",apis,Self-hosted,stdio,,API Key,,npx,"[""@moralisweb3/api-mcp-server""]","[""MORALIS_API_KEY""]",FALSE,FALSE,"[""wallet-activity-query"",""token-metrics-query"",""nft-data-query"",""transaction-history""]","[""EVM"",""Solana"",""blockchain data"",""analytics"",""AI agents""]","Official Moralis MCP server for AI agents to query blockchain data including wallet activity, token metrics, NFT ownership, and transaction history across EVM chains and Solana",Free,,$0,FALSE,FALSE
nansen-mcp,Nansen,,"[""[Website](https://agents.nansen.ai/)"",""[Docs](https://docs.nansen.ai/mcp/connecting)""]",analytics,Hosted,http,"https://mcp.nansen.ai/ra/mcp",API Key,nansen,,,,TRUE,FALSE,"[""smart-money-tracking"",""wallet-profiling"",""token-analytics"",""token-screener"",""wallet-pnl"",""address-profiling""]","[""analytics"",""smart money"",""wallet intelligence"",""multi-chain"",""AI agents""]","Official Nansen MCP server for AI agents to access institutional-grade blockchain analytics—smart money signals, wallet profiling, token flows, and PnL analysis—across 18+ chains via a hosted HTTP endpoint",Free,,$0,FALSE,FALSE
nodit-mcp-server,Nodit,,"[""[Website](https://github.com/noditlabs/nodit-mcp-server)"",""[Docs](https://developer.nodit.io/)""]",apis,Self-hosted,stdio,,API Key,,npx,"[""@noditlabs/nodit-mcp-server@latest""]","[""NODIT_API_KEY""]",FALSE,FALSE,"[""blockchain-data-query"",""node-api-access""]","[""Blockchain data"",""Node API"",""Multi-chain"",""On-chain data"",""AI agents""]","MCP server for AI agents to interact with blockchain data via Nodit's Web3 Data and Node APIs, enabling LLMs to access structured multi-chain blockchain context with zero blockchain-specific logic",Free,,$0,FALSE,FALSE
nodit-remote-mcp,Nodit,,"[""[Website](https://github.com/noditlabs/nodit-mcp-server)"",""[Docs](https://developer.nodit.io/)""]",apis,Hosted,sse,"https://mcp.nodit.io/sse",API Key,nodit,,,,FALSE,FALSE,"[""blockchain-data-query"",""node-api-access""]","[""Blockchain data"",""Node API"",""Multi-chain"",""On-chain data"",""AI agents""]",Official Nodit hosted remote MCP server for AI agents to access multi-chain blockchain data via SSE—no local installation required; connect directly with a Nodit API key,Free,,$0,FALSE,FALSE
onramper-docs-mcp,Onramper,,"[""[Website](https://onramper.com/)"",""[Docs](https://docs.onramper.com/mcp)""]",docs,Hosted,http,"https://docs.onramper.com/mcp",None,,,,,FALSE,FALSE,"[""documentation-search"",""api-reference"",""developer-guidance""]","[""Onramper"",""fiat onramp"",""offramp"",""documentation"",""AI agents""]","Official Onramper documentation MCP server for AI agents to search Onramper docs, API references, and integration guides for fiat onramp and offramp aggregation via a hosted streamable HTTP endpoint",Free,,$0,FALSE,FALSE
optimism-docs-mcp,Optimism,,"[""[Website](https://www.optimism.io/)"",""[Docs](https://docs.optimism.io/)""]",docs,Hosted,http,"https://docs.optimism.io/mcp",None,,,,,FALSE,FALSE,"[""documentation-search"",""api-reference"",""developer-guidance""]","[""Optimism"",""Layer 2"",""OP Stack"",""documentation"",""AI agents""]","Official Optimism documentation MCP server for AI agents to search Optimism docs, API references, and OP Stack developer guides via a hosted streamable HTTP endpoint",Free,,$0,FALSE,FALSE
orbitflare-docs-mcp,OrbitFlare,,"[""[Website](https://orbitflare.com/)"",""[Docs](https://docs.orbitflare.com/mcp)""]",docs,Hosted,http,"https://docs.orbitflare.com/mcp",None,,,,,FALSE,FALSE,"[""documentation-search"",""api-reference"",""developer-guidance""]","[""OrbitFlare"",""Solana"",""infrastructure"",""documentation"",""AI agents""]","Official OrbitFlare documentation MCP server for AI agents to search OrbitFlare docs, API references, and Solana infrastructure guides via a hosted streamable HTTP endpoint",Free,,$0,FALSE,FALSE
orderly-docs-mcp,Orderly,,"[""[Website](https://orderly.network/)"",""[Docs](https://orderly.network/docs/mcp)""]",docs,Hosted,http,"https://orderly.network/docs/mcp",None,,,,,FALSE,FALSE,"[""documentation-search"",""api-reference"",""developer-guidance""]","[""Orderly"",""trading"",""orderbook"",""documentation"",""AI agents""]","Official Orderly documentation MCP server for AI agents to search Orderly docs, API references, and trading infrastructure guides via a hosted streamable HTTP endpoint",Free,,$0,FALSE,FALSE
ormi-labs-docs-mcp,Ormi Labs,,"[""[Website](https://ormilabs.com/)"",""[Docs](https://docs.ormilabs.com/mcp)""]",docs,Hosted,http,"https://docs.ormilabs.com/mcp",None,,,,,FALSE,FALSE,"[""documentation-search"",""api-reference"",""developer-guidance""]","[""Ormi Labs"",""indexing"",""DeFi"",""documentation"",""AI agents""]","Official Ormi Labs documentation MCP server for AI agents to search Ormi docs, API references, and developer guides for decentralized indexing and onchain analytics via a hosted streamable HTTP endpoint",Free,,$0,FALSE,FALSE
particle-docs-mcp,Particle,,"[""[Website](https://particle.network/)"",""[Docs](https://developers.particle.network/mcp)""]",docs,Hosted,http,"https://developers.particle.network/mcp",None,,,,,FALSE,FALSE,"[""documentation-search"",""api-reference"",""developer-guidance""]","[""Particle"",""documentation"",""developer platform"",""AI agents""]","Official Particle documentation MCP server for AI agents to search Particle docs, API references, and wallet abstraction integration guides via a hosted streamable HTTP endpoint",Free,,$0,FALSE,FALSE
phantom-docs-mcp,Phantom,,"[""[Website](https://phantom.com/)"",""[Docs](https://docs.phantom.com/mcp)""]",docs,Hosted,http,"https://docs.phantom.com/mcp",None,,,,,FALSE,FALSE,"[""documentation-search"",""api-reference"",""developer-guidance""]","[""Phantom"",""documentation"",""wallets"",""AI agents""]","Official Phantom documentation MCP server for AI agents to search Phantom developer docs, API references, and wallet integration guides via a hosted streamable HTTP endpoint",Free,,$0,FALSE,FALSE
philidor-defi-vaults,Philidor,,"[""[Docs](https://docs.philidor.io/docs)"",""[GitHub](https://github.com/Philidor-Labs/philidor-mcp)""]",analytics,Hosted,http,"https://mcp.philidor.io/api/mcp",None,,,,,FALSE,FALSE,"[""defi-vault-search"",""vault-risk-scoring"",""vault-comparison"",""protocol-research""]","[""DeFi"",""analytics"",""vault"",""risk"",""multi-chain"",""AI agents""]","Hosted MCP server providing DeFi vault risk analytics for AI agents — search and score 700+ vaults across Morpho, Aave, Yearn, Beefy, and Spark on six EVM chains. No API key required.",Free,,$0,FALSE,FALSE
pinata-docs-mcp,Pinata,,"[""[Website](https://pinata.cloud/)"",""[Docs](https://docs.pinata.cloud/mcp)""]",docs,Hosted,http,"https://docs.pinata.cloud/mcp",None,,,,,FALSE,FALSE,"[""documentation-search"",""api-reference"",""developer-guidance""]","[""Pinata"",""IPFS"",""storage"",""documentation"",""AI agents""]","Official Pinata documentation MCP server for AI agents to search Pinata docs, API references, and IPFS storage integration guides via a hosted streamable HTTP endpoint",Free,,$0,FALSE,FALSE
portal-docs-mcp,Portal,,"[""[Website](https://www.portalhq.io/)"",""[Docs](https://docs.portalhq.io/)""]",docs,Hosted,http,"https://docs.portalhq.io/mcp",None,,,,,FALSE,FALSE,"[""documentation-search"",""api-reference"",""developer-guidance""]","[""Portal"",""wallet infrastructure"",""documentation"",""AI agents""]","Official Portal documentation MCP server for AI agents to search Portal docs, API references, and wallet infrastructure integration guides via a hosted streamable HTTP endpoint",Free,,$0,FALSE,FALSE
portals-mcp-server,Portals Protocol,,"[""[Website](https://github.com/portalsprotocol/mcp-server)"",""[Docs](https://github.com/portalsprotocol/mcp-server#readme)""]",services,Self-hosted,stdio,,None,,npx,"[""-y"",""@portalsprotocol/mcp-server""]","[""PORTALS_WHITELIST""]",FALSE,TRUE,"[""defi-tool-access"",""solana-defi""]","[""Solana"",""DeFi"",""AI agents""]",MCP server for Portals Protocol to give AI agents access to decentralized tools on Solana,Free,,$0,FALSE,FALSE
privy-docs-mcp,Privy,,"[""[Website](https://www.privy.io/)"",""[Docs](https://docs.privy.io/mcp)""]",docs,Hosted,http,"https://docs.privy.io/mcp",None,,,,,FALSE,FALSE,"[""documentation-search"",""api-reference"",""developer-guidance""]","[""Privy"",""wallets"",""web3"",""documentation"",""developer platform"",""AI agents""]","Official Privy documentation MCP server for AI agents to search Privy docs, in-app wallet guides, and API references for web3 user onboarding and key management via a hosted streamable HTTP endpoint",Free,,$0,FALSE,FALSE
public-urls-mcp,Chain.Love,,"[""[Website](https://www.chain.love/)""]",services,Hosted,http,"https://app.chain.love/chain-list-mcp/mcp",None,,,,,FALSE,FALSE,"[""rpc-discovery"",""network-metadata"",""public-rpc-lookup""]","[""RPC"",""network discovery"",""multi-chain"",""AI agents""]",MCP server that helps AI agents discover public blockchain RPC endpoints and network metadata.,Free,,$0,FALSE,FALSE
pyth-pro-mcp,Pyth Network,,"[""[Docs](https://docs.pyth.network/price-feeds/pro/mcp)"",""[Website](https://www.pyth.network/)""]",analytics,Hosted,http,"https://mcp.pyth.network/mcp",None,,,,,FALSE,FALSE,"[""oracle-query"",""price-feeds"",""historical-data"",""candlestick-data""]","[""oracle"",""price feeds"",""DeFi"",""multi-chain"",""AI agents""]","Official Pyth Pro MCP server providing AI assistants direct access to real-time and historical price data for 1900+ assets across crypto, FX, equities, and commodities. Most tools are free; real-time prices via get_latest_price require a Pyth Pro access token.",Freemium,Free,$0,FALSE,FALSE
quicknode-mcp,QuickNode,,"[""[Website](https://www.quicknode.com/)"",""[Docs](https://www.quicknode.com/docs/build-with-ai/quicknode-mcp)""]",services,Hosted,http,"https://mcp.quicknode.com/mcp",OAuth/PAT,quicknode,,,,FALSE,FALSE,"[""endpoint-management"",""usage-monitoring"",""security-config"",""billing-analytics""]","[""QuickNode"",""infrastructure"",""blockchain nodes"",""AI agents""]","Official QuickNode MCP server for AI agents to manage blockchain infrastructure via natural language — create and configure RPC endpoints, monitor usage, set security policies, and review billing data via a hosted HTTP endpoint",Free,,$0,FALSE,FALSE
redstone-mcp,RedStone,,"[""[Website](https://www.redstone.finance/)"",""[Docs](https://docs.redstone.finance/docs/introduction)""]",analytics,Hosted,http,"https://mcp.redstone.finance/mcp",None,,,,,FALSE,FALSE,"[""price-query"",""price-change-analysis"",""supported-token-query""]","[""RedStone"",""oracle"",""price feeds"",""analytics"",""AI agents""]","Official RedStone hosted MCP server for AI agents to query live token prices, analyze price changes, and discover supported assets via a public streamable HTTP endpoint",Free,,$0,FALSE,FALSE
relay-docs-mcp,Relay,,"[""[Website](https://relay.link/)"",""[Docs](https://docs.relay.link/mcp)""]",docs,Hosted,http,"https://docs.relay.link/mcp",None,,,,,FALSE,FALSE,"[""documentation-search"",""api-reference"",""developer-guidance""]","[""Relay"",""documentation"",""cross-chain"",""AI agents""]","Official Relay documentation MCP server for AI agents to search Relay docs, API references, and cross-chain integration guides via a hosted streamable HTTP endpoint",Free,,$0,FALSE,FALSE
reown-docs-mcp,Reown,,"[""[Website](https://reown.com/)"",""[Docs](https://docs.reown.com/mcp)""]",docs,Hosted,http,"https://docs.reown.com/mcp",None,,,,,FALSE,FALSE,"[""documentation-search"",""api-reference"",""developer-guidance""]","[""Reown"",""WalletConnect"",""wallet connections"",""AppKit"",""documentation"",""AI agents""]","Official Reown documentation MCP server for AI agents to search Reown docs, AppKit integration guides, and API references for wallet connection infrastructure (formerly WalletConnect) via a hosted streamable HTTP endpoint",Free,,$0,FALSE,FALSE
rhinofi-docs-mcp,RhinoFi,,"[""[Website](https://rhino.fi/)"",""[Docs](https://docs.rhino.fi/get-started/introduction)""]",docs,Hosted,http,"https://docs.rhino.fi/mcp",None,,,,,FALSE,FALSE,"[""documentation-search"",""api-reference"",""developer-guidance""]","[""RhinoFi"",""DeFi"",""cross-chain"",""documentation"",""AI agents""]","Official RhinoFi documentation MCP server for AI agents to search rhino.fi docs, API references, and cross-chain DeFi integration guides via a hosted streamable HTTP endpoint",Free,,$0,FALSE,FALSE
rubic-docs-mcp,Rubic,,"[""[Website](https://rubic.exchange)"",""[Docs](https://docs.rubic.finance/mcp)""]",docs,Hosted,http,"https://docs.rubic.finance/mcp",None,,,,,FALSE,FALSE,"[""documentation-search"",""api-reference"",""developer-guidance""]","[""Rubic"",""cross-chain"",""bridge"",""documentation"",""AI agents""]","Official Rubic documentation MCP server for AI agents to search Rubic docs, API references, and cross-chain integration guides via a hosted streamable HTTP endpoint",Free,,$0,FALSE,FALSE
sardine-docs-mcp,Sardine,,"[""[Website](https://www.sardine.ai/)"",""[Docs](https://docs.sardine.ai/mcp)""]",services,Hosted,http,"https://docs.sardine.ai/mcp",None,,,,,FALSE,FALSE,"[""documentation-search"",""api-reference"",""developer-guidance""]","[""Sardine"",""fraud prevention"",""compliance"",""web3"",""documentation"",""AI agents""]","Official Sardine documentation MCP server for AI agents to search Sardine docs, API references, and developer guidance for fraud prevention and compliance tooling via a hosted streamable HTTP endpoint",Free,,$0,FALSE,FALSE
sequence-docs-mcp,Sequence,,"[""[Website](https://sequence.xyz/)"",""[Docs](https://docs.sequence.xyz/mcp)""]",docs,Hosted,http,"https://docs.sequence.xyz/mcp",None,,,,,FALSE,FALSE,"[""documentation-search"",""api-reference"",""developer-guidance""]","[""Sequence"",""wallet infrastructure"",""smart wallets"",""documentation"",""AI agents""]","Official Sequence documentation MCP server for AI agents to search Sequence docs, wallet infrastructure integration guides, and API references via a hosted streamable HTTP endpoint",Free,,$0,FALSE,FALSE
solana-developer-mcp,Solana,,"[""[Website](https://mcp.solana.com)"",""[Docs](https://github.com/solana-foundation/solana-mcp-official)""]",services,Hosted,http,"https://mcp.solana.com/mcp",None,,,,,FALSE,FALSE,"[""documentation-search"",""anchor-framework-help"",""developer-guidance""]","[""Solana"",""documentation"",""developer platform"",""AI agents""]","Official Solana Foundation MCP server for AI agents to query up-to-date Solana documentation, get Anchor framework guidance, and access developer resources via a hosted streamable HTTP endpoint",Free,,$0,FALSE,FALSE
solana-developer-mcp-sse,Solana,,"[""[Website](https://mcp.solana.com)"",""[Docs](https://github.com/solana-foundation/solana-mcp-official)""]",services,Hosted,sse,"https://mcp.solana.com/sse",None,,,,,FALSE,FALSE,"[""documentation-search"",""anchor-framework-help"",""developer-guidance""]","[""Solana"",""documentation"",""developer platform"",""AI agents""]","Official Solana Foundation MCP SSE endpoint for AI agents that need Server-Sent Events transport while querying up-to-date Solana documentation and developer guidance",Free,,$0,FALSE,FALSE
solana-mcp-agent-kit,SolanaMCP,,"[""[Website](https://github.com/solanamcp/solana-mcp)"",""[Docs](https://github.com/solanamcp/solana-mcp#readme)""]",wallets,Self-hosted,stdio,,None,,,,,FALSE,TRUE,"[""wallet-management"",""transaction-execution"",""solana-operations""]","[""Solana"",""wallet"",""agent kit"",""AI agents""]",Solana Agent Kit MCP server for wallet and transaction workflows on Solana,Free,,$0,FALSE,FALSE
solana-mcp-server-opensvm,OpenSVM,,"[""[Website](https://github.com/openSVM/solana-mcp-server)"",""[Docs](https://github.com/openSVM/solana-mcp-server#readme)""]",apis,Self-hosted,stdio,,None,,,,,FALSE,TRUE,"[""solana-rpc"",""transaction-send"",""account-query""]","[""Solana"",""RPC"",""on-chain actions"",""AI agents""]",Solana MCP server enabling Solana RPC method access for AI agents,Free,,$0,FALSE,FALSE
solx402-mcp-server,Leandro Gavidia,,"[""[Website](https://github.com/leandrogavidia/solx402-mcp-server)"",""[Docs](https://github.com/leandrogavidia/solx402-mcp-server#readme)""]",wallets,Self-hosted,stdio,,None,,,,,TRUE,TRUE,"[""x402-payments"",""solana-payments""]","[""Solana"",""x402"",""payments"",""AI agents""]",MCP server enabling AI assistants to interact with x402 payment flows on Solana,Free,,$0,FALSE,FALSE
starknet-docs-mcp,StarkWare,,"[""[Website](https://www.starknet.io/)"",""[Docs](https://docs.starknet.io/)""]",docs,Hosted,http,"https://docs.starknet.io/mcp",None,,,,,FALSE,FALSE,"[""documentation-search"",""api-reference"",""developer-guidance""]","[""Starknet"",""Layer 2"",""ZK-rollup"",""documentation"",""AI agents""]","Official Starknet documentation MCP server for AI agents to search Starknet docs, API references, and Cairo development guides via a hosted streamable HTTP endpoint",Free,,$0,FALSE,FALSE
swaps-docs-mcp,Swaps,,"[""[Website](https://www.swaps.xyz/)"",""[Docs](https://docs.swaps.xyz/mcp)""]",services,Hosted,http,"https://docs.swaps.xyz/mcp",None,,,,,FALSE,FALSE,"[""documentation-search"",""api-reference"",""developer-guidance""]","[""Swaps"",""onchain UX"",""documentation"",""AI agents""]","Official Swaps documentation MCP server for AI agents to search Swaps docs, API references, and onchain integration guides via a hosted streamable HTTP endpoint",Free,,$0,FALSE,FALSE
symbiosis-mcp,Symbiosis,,"[""[Website](https://symbiosis.finance/)"",""[Docs](https://docs.symbiosis.finance/)""]",services,Hosted,http,"https://mcp.symbiosis.finance/mcp",None,,,,,FALSE,TRUE,"[""swap-quote"",""swap-calldata"",""transaction-broadcast"",""balance-query"",""supported-chains-query""]","[""Symbiosis"",""cross-chain"",""bridge"",""DeFi"",""AI agents""]","Official Symbiosis hosted MCP server for AI agents to discover routes, build swap calldata, broadcast transactions, and query balances across supported chains via a public streamable HTTP endpoint",Free,,$0,FALSE,FALSE
tatum-blockchain-mcp,Tatum,,"[""[Website](https://tatum.io/mcp)"",""[Docs](https://docs.tatum.io)"",""[GitHub](https://github.com/tatumio/blockchain-mcp)""]",apis,Self-hosted,stdio,,API Key,,npx,"[""@tatumio/blockchain-mcp""]","[""TATUM_API_KEY""]",FALSE,TRUE,"[""multichain-data-query"",""rpc-gateway"",""nft-query"",""wallet-portfolio-query""]","[""blockchain data"",""infrastructure"",""multi-chain"",""on-chain data"",""AI agents""]",Official Tatum MCP server for AI agents to query blockchain data and execute RPC calls across 130+ networks,Free,,$0,FALSE,FALSE
tatum-docs-mcp,Tatum,,"[""[Website](https://tatum.io/)"",""[Docs](https://docs.tatum.io/mcp)""]",docs,Hosted,http,"https://docs.tatum.io/mcp",None,,,,,FALSE,FALSE,"[""documentation-search"",""api-reference"",""developer-guidance""]","[""Tatum"",""blockchain APIs"",""multi-chain"",""documentation"",""AI agents""]","Official Tatum documentation MCP server for AI agents to search Tatum docs, API references, and multi-chain integration guides via a hosted streamable HTTP endpoint",Free,,$0,FALSE,FALSE
thirdweb-mcp,Thirdweb,,"[""[Website](https://thirdweb.com/)"",""[Docs](https://portal.thirdweb.com/ai/mcp)""]",services,Hosted,http,"https://api.thirdweb.com/mcp",API Key,,,,,FALSE,TRUE,"[""wallet-management"",""smart-contract-deployment"",""transaction-send"",""on-chain-data""]","[""EVM"",""multi-chain"",""wallet"",""smart contracts"",""AI agents""]","Official thirdweb hosted MCP server for AI agents to manage server wallets, deploy smart contracts, query on-chain data via Insight, and execute transactions across any EVM chain",Free,,$0,FALSE,FALSE
token-minter-mcp,KukaPay,,"[""[Website](https://github.com/kukapay/token-minter-mcp)"",""[Docs](https://github.com/kukapay/token-minter-mcp#readme)""]",smart-contract,Self-hosted,stdio,,API Key,,node,"[""path/to/token-minter-mcp/server/index.js""]","[""INFURA_KEY"",""PRIVATE_KEY""]",FALSE,TRUE,"[""erc20-token-deployment"",""token-transfer"",""token-metadata-query"",""balance-check""]","[""EVM"",""ERC-20"",""token minting"",""smart contracts"",""AI agents""]",MCP server providing tools for AI agents to deploy and manage ERC-20 tokens across 21 EVM blockchains via Infura API,Free,,$0,FALSE,FALSE
token-revoke-mcp,KukaPay,,"[""[Website](https://github.com/kukapay/token-revoke-mcp)"",""[Docs](https://github.com/kukapay/token-revoke-mcp#readme)""]",smart-contract,Self-hosted,stdio,,API Key,,node,"[""path/to/token-revoke-mcp/index.js""]","[""MORALIS_API_KEY"",""PRIVATE_KEY""]",FALSE,TRUE,"[""token-approval-check"",""token-approval-revoke"",""transaction-status-check""]","[""EVM"",""ERC-20"",""token approvals"",""security"",""AI agents""]",MCP server for AI agents to check and revoke ERC-20 token allowances across multiple EVM blockchains using the Moralis API,Free,,$0,FALSE,FALSE
ton-docs-mcp,TON,,"[""[Website](https://ton.org/)"",""[Docs](https://docs.ton.org/mcp)""]",docs,Hosted,http,"https://docs.ton.org/mcp",None,,,,,FALSE,FALSE,"[""documentation-search"",""api-reference"",""developer-guidance""]","[""TON"",""The Open Network"",""Layer 1"",""documentation"",""AI agents""]","Official TON documentation MCP server for AI agents to search TON docs, API references, and developer guides via a hosted streamable HTTP endpoint",Free,,$0,FALSE,FALSE
tonhub-docs-mcp,Tonhub,,"[""[Website](https://tonhub.com/)"",""[Docs](https://docs.tonhub.com/mcp)""]",services,Hosted,http,"https://docs.tonhub.com/mcp",None,,,,,FALSE,FALSE,"[""documentation-search"",""api-reference"",""developer-guidance""]","[""TON"",""wallet"",""Tonhub"",""documentation"",""AI agents""]","Official Tonhub documentation MCP server for AI agents to search Tonhub developer docs, wallet integration guides, and TON ecosystem references via a hosted streamable HTTP endpoint",Free,,$0,FALSE,FALSE
turnkey-docs-mcp,Turnkey,,"[""[Website](https://www.turnkey.com/)"",""[Docs](https://docs.turnkey.com/mcp)""]",docs,Hosted,http,"https://docs.turnkey.com/mcp",None,,,,,FALSE,FALSE,"[""documentation-search"",""api-reference"",""developer-guidance""]","[""Turnkey"",""wallet infrastructure"",""embedded wallets"",""documentation"",""AI agents""]","Official Turnkey documentation MCP server for AI agents to search Turnkey docs, wallet infrastructure integration guides, and API references via a hosted streamable HTTP endpoint",Free,,$0,FALSE,FALSE
ucai,UCAI,,"[""[Website](https://github.com/nirholas/UCAI)"",""[Docs](https://github.com/nirholas/UCAI#readme)""]",smart-contract,Self-hosted,stdio,,None,,,,,FALSE,TRUE,"[""abi-to-mcp-generation"",""smart-contract-interaction""]","[""ABI"",""Smart contracts"",""EVM"",""DeFi"",""AI agents""]",Universal Contract AI Interface - open standard for connecting AI agents to blockchain via ABI-to-MCP server generation for smart contracts on EVM chains,Free,,$0,FALSE,FALSE
uniblock-docs-mcp,Uniblock,,"[""[Website](https://www.uniblock.dev/)"",""[Docs](https://docs.uniblock.dev/)""]",docs,Hosted,http,"https://docs.uniblock.dev/mcp",None,,,,,FALSE,FALSE,"[""documentation-search"",""api-reference"",""developer-guidance""]","[""Uniblock"",""Web3 API"",""documentation"",""AI agents""]","Official Uniblock documentation MCP server for AI agents to search Uniblock docs, API references, and implementation guides via a hosted streamable HTTP endpoint",Free,,$0,FALSE,FALSE
uniswap-poolspy-mcp,KukaPay,,"[""[Website](https://github.com/kukapay/uniswap-poolspy-mcp)"",""[Docs](https://github.com/kukapay/uniswap-poolspy-mcp#readme)""]",analytics,Self-hosted,stdio,,API Key,,uv,"[""--directory"",""path/to/uniswap-poolspy-mcp"",""run"",""main.py""]","[""THEGRAPH_API_KEY""]",FALSE,FALSE,"[""uniswap-pool-query"",""pool-analytics""]","[""DeFi"",""Uniswap"",""DEX"",""pool analytics"",""EVM"",""AI agents""]",MCP server for tracking newly created Uniswap V3 liquidity pools across 9 EVM networks via The Graph,Free,,$0,FALSE,FALSE
uniswap-trader-mcp,KukaPay,,"[""[Website](https://github.com/kukapay/uniswap-trader-mcp)"",""[Docs](https://github.com/kukapay/uniswap-trader-mcp#readme)""]",smart-contract,Self-hosted,stdio,,API Key,,node,"[""path/to/uniswap-trader-mcp/server/index.js""]","[""INFURA_KEY"",""WALLET_PRIVATE_KEY""]",FALSE,TRUE,"[""token-swap"",""price-quote"",""liquidity-route-optimization""]","[""EVM"",""DeFi"",""Uniswap"",""token swaps"",""AI agents""]","MCP server for AI agents to automate token swaps on Uniswap V3 DEX across Ethereum, Optimism, Polygon, Arbitrum, BNB Chain, Avalanche, and Base",Free,,$0,FALSE,FALSE
universal-crypto-mcp,Nirholas,,"[""[Website](https://github.com/nirholas/universal-crypto-mcp)"",""[Docs](https://github.com/nirholas/universal-crypto-mcp#readme)""]",services,Self-hosted,stdio,,API Key,,npx,"[""@nirholas/universal-crypto-mcp""]",,FALSE,TRUE,"[""swap"",""bridge"",""staking"",""lending""]","[""EVM"",""DeFi"",""multi-chain"",""AI agents""]",Universal MCP server for AI agents to interact with multiple EVM blockchains via plugins,Free,,$0,FALSE,FALSE
universal-crypto-mcp-http,Nirholas,,"[""[Website](https://github.com/nirholas/universal-crypto-mcp)"",""[Docs](https://github.com/nirholas/universal-crypto-mcp#readme)""]",services,Hosted,http,"https://modelcontextprotocol.name/mcp/universal-crypto-mcp",None,,,,,FALSE,TRUE,"[""swap"",""bridge"",""staking"",""lending""]","[""EVM"",""DeFi"",""multi-chain"",""AI agents""]",Hosted HTTP deployment of Universal Crypto MCP for AI agents to interact with EVM-compatible chains and Solana via a public streamable MCP endpoint,Free,,$0,FALSE,FALSE
wallet-agent,Wallet Agent,,"[""[Website](https://github.com/wallet-agent/wallet-agent)"",""[Docs](https://github.com/wallet-agent/wallet-agent#readme)""]",wallets,Self-hosted,stdio,,None,,bunx,"[""wallet-agent@latest""]",,FALSE,TRUE,"[""wallet-management"",""transaction-execution""]","[""Wallet"",""EVM"",""Wagmi"",""Web3"",""AI agents""]","MCP server for Web3 wallet interactions on EVM-compatible chains, enabling AI agents to manage wallets and execute transactions",Free,,$0,FALSE,FALSE
wallet-inspector-mcp,KukaPay,,"[""[Website](https://github.com/kukapay/wallet-inspector-mcp)"",""[Docs](https://github.com/kukapay/wallet-inspector-mcp#readme)""]",analytics,Self-hosted,stdio,,API Key,,uv,"[""--directory"",""/path/to/wallet-inspector-mcp"",""run"",""main.py""]","[""DUNE_SIM_API_KEY""]",FALSE,FALSE,"[""wallet-balance-inspection"",""wallet-activity-inspection""]","[""wallet analytics"",""EVM"",""Solana"",""AI agents""]",MCP server for inspecting wallet balances and on-chain activity across major EVM chains and Solana,Free,,$0,FALSE,FALSE
walletconnect-docs-mcp,WalletConnect,,"[""[Website](https://walletconnect.network/)"",""[Docs](https://docs.walletconnect.network/mcp)""]",docs,Hosted,http,"https://docs.walletconnect.network/mcp",None,,,,,FALSE,FALSE,"[""documentation-search"",""api-reference"",""developer-guidance""]","[""WalletConnect"",""wallet connectivity"",""documentation"",""AI agents""]","Official WalletConnect documentation MCP server for AI agents to search WalletConnect docs, API references, and integration guides via a hosted streamable HTTP endpoint",Free,,$0,FALSE,FALSE
walletkit-docs-mcp,WalletKit,,"[""[Website](https://walletkit.com/)"",""[Docs](https://docs.walletkit.com/mcp)""]",docs,Hosted,http,"https://docs.walletkit.com/mcp",None,,,,,FALSE,FALSE,"[""documentation-search"",""api-reference"",""developer-guidance""]","[""WalletKit"",""wallet connectivity"",""documentation"",""AI agents""]","Official WalletKit documentation MCP server for AI agents to search WalletKit docs, API references, and integration guides via a hosted streamable HTTP endpoint",Free,,$0,FALSE,FALSE
web3-mcp,Strangelove Ventures,,"[""[Website](https://github.com/strangelove-ventures/web3-mcp)"",""[Docs](https://github.com/strangelove-ventures/web3-mcp#readme)""]",wallets,Self-hosted,stdio,,None,,node,"[""/PATH/TO/web3-mcp/build/index.js""]",,FALSE,TRUE,"[""evm-read"",""transaction-send"",""solana-operations"",""utxo-read"",""xrp-operations"",""cardano-operations"",""ton-operations""]","[""EVM"",""Solana"",""UTXO"",""Cardano"",""TON"",""XRP Ledger"",""multi-chain"",""AI agents""]","Multi-chain MCP server for AI agents to interact with Ethereum, Solana, Cardano, UTXO chains, XRP Ledger, and TON",Free,,$0,FALSE,FALSE
web3auth-mcp,Web3Auth,,"[""[Website](https://web3auth.io/)"",""[Docs](https://web3auth.io/docs/)""]",docs,Hosted,http,"https://mcp.web3auth.io",None,,,,,FALSE,FALSE,"[""documentation-search"",""sdk-reference"",""example-discovery"",""community-search""]","[""Web3Auth"",""embedded wallets"",""wallet infrastructure"",""documentation"",""AI agents""]","Official Web3Auth hosted MCP server for AI agents to search Embedded Wallets documentation, SDK references, integration examples, and community resources via a public streamable HTTP endpoint",Free,,$0,FALSE,FALSE
whale-tracker-mcp,KukaPay,,"[""[Website](https://github.com/kukapay/whale-tracker-mcp)"",""[Docs](https://github.com/kukapay/whale-tracker-mcp#readme)""]",analytics,Self-hosted,stdio,,API Key,,python,"[""whale_tracker.py""]","[""WHALE_ALERT_API_KEY""]",FALSE,FALSE,"[""whale-transaction-monitoring"",""large-tx-detection"",""blockchain-analytics""]","[""whale tracking"",""large transactions"",""multi-chain"",""crypto analytics"",""AI agents""]","MCP server for tracking large cryptocurrency whale transactions using the Whale Alert API across Bitcoin, Ethereum, Solana, and 8 other blockchains",Free,,$0,FALSE,FALSE
zapper-mcp,Zapper,,"[""[Website](https://zapper.xyz/)"",""[Docs](https://build.zapper.xyz/mcp)""]",analytics,Hosted,http,"https://mcp.zapper.xyz",API Key,zapper,,,,FALSE,FALSE,"[""portfolio-analytics"",""token-lookup"",""transaction-history"",""onchain-search""]","[""Zapper"",""portfolio"",""analytics"",""on-chain data"",""AI agents""]","Official Zapper hosted MCP server for AI agents to access portfolio analytics, token data, and transaction history through a public endpoint; requires Bearer API key for tool access",Free,,$0,FALSE,FALSE
zerion-docs-mcp,Zerion,,"[""[Website](https://zerion.io/)"",""[Docs](https://developers.zerion.io/mcp)""]",docs,Hosted,http,"https://developers.zerion.io/mcp",None,,,,,FALSE,FALSE,"[""documentation-search"",""api-reference"",""developer-guidance""]","[""Zerion"",""documentation"",""developer platform"",""AI agents""]","Official Zerion API documentation MCP server for AI agents to search Zerion docs, API references, and integration guides via a hosted streamable HTTP endpoint",Free,,$0,FALSE,FALSE
